"Question","Parameter","mean","sd","0.025quant","0.5quant","0.975quant","mode"
"Q1-knock","Range for field_pop",126.176585571147,22.7381478305056,88.9655938954802,123.656994621593,178.137522340938,117.87462913221
"Q1-knock","Stdev for field_pop",1.85848727726592,0.293747533901667,1.36853747566543,1.82891504186507,2.52148305884369,1.75868729588498
"Q1-knock","Precision for uni_eff",10.1605233495335,8.15047188058205,1.39489086559498,7.9372976647281,31.467766268688,3.98717766860814
"Q1-knock","Precision for gender_eff",139.775351919572,174.656346912504,15.0784394408076,87.7439853823409,588.461966640038,38.1092654511546
"Q1-knock","Range for field_ans",69.7303474634824,19.7324919152513,40.8188848785309,66.5216635686003,117.658087388294,59.8589878503522
"Q1-knock","Stdev for field_ans",0.927699969557788,0.14054031496075,0.692687497322315,0.913770499576746,1.24437896355421,0.879907181073173
"Q1-knock","Beta for field_pop_copy",0.128979266080902,0.0868209986150163,-0.0458639299928562,0.130303459722583,0.295944615725072,0.13601176424228
"Q8-fed-up","Range for field_pop",122.769034272243,21.2410746415852,88.2976853613208,120.339167598869,171.551443355491,114.429503127235
"Q8-fed-up","Stdev for field_pop",1.75231640924936,0.263588766723907,1.3164043658655,1.72479446144783,2.35035149477985,1.65490817664116
"Q8-fed-up","Precision for uni_eff",4.76347292007029,4.4919574123901,0.69886587859405,3.46547814572476,16.6613254227324,1.80405344485885
"Q8-fed-up","Precision for gender_eff",28843.7055308779,118324.004175382,128.439796758918,6150.74768385073,196859.955242756,120.1454200123
"Q8-fed-up","Range for field_ans",177.07808578725,84.111817563093,71.2878611498547,158.584207893139,393.264572178197,128.056639768966
"Q8-fed-up","Stdev for field_ans",0.808819627139552,0.206619029606606,0.487276834011552,0.780625039493122,1.29512726891332,0.723785652822555
"Q8-fed-up","Beta for field_pop_copy",-0.0953012246853393,0.0607798995662595,-0.216580978113079,-0.094749925161656,0.0227295786622603,-0.0924181820977286
"Q11-remember","Range for field_pop",120.84439934874,21.1782995119031,86.3737081960024,118.447724223345,169.399717700329,112.727541347762
"Q11-remember","Stdev for field_pop",1.79237253402731,0.272176668346718,1.33974279105143,1.76465317510614,2.40779236127085,1.69607038195161
"Q11-remember","Precision for uni_eff",4.74341250112948,3.78993749936124,0.727260958392458,3.71587002820435,14.6959288279621,2.00753896437668
"Q11-remember","Precision for gender_eff",29.0029271566496,24.032380130627,4.08738717189093,22.3562884569,92.2762477421649,11.4256921763334
"Q11-remember","Range for field_ans",135.967817864433,54.8764873813318,58.8096169089567,126.047692916844,271.02442353729,108.349945279879
"Q11-remember","Stdev for field_ans",1.12615399021303,0.282554960578437,0.67109715280362,1.09245161868204,1.77614893837987,1.02822012414005
"Q11-remember","Beta for field_pop_copy",-0.135781814288031,0.0797970936704125,-0.293868660523371,-0.135442097913302,0.0203206517204691,-0.134025547425507
"Q13-yes","Range for field_pop",126.705738355256,22.3944725920543,90.9074386460308,123.989625847316,178.591099117847,117.213899737428
"Q13-yes","Stdev for field_pop",1.79690690449132,0.277333008577786,1.34513861584496,1.76598050608542,2.43191295001584,1.6852377498077
"Q13-yes","Precision for uni_eff",6.55357877110837,5.59500334113428,0.976607208647367,4.9900268145267,21.3415719734715,2.6381019750389
"Q13-yes","Precision for gender_eff",6.61780722372313,5.21431449528318,1.08973390825592,5.21511369188598,20.3162752387276,2.94070725263157
"Q13-yes","Range for field_ans",58.0422780579844,22.3603374889691,27.9351463644585,53.6485575049588,114.297146576869,45.6748773118897
"Q13-yes","Stdev for field_ans",0.645871867195907,0.102852137243405,0.467549249312625,0.637680440124772,0.871447904879209,0.621348922472325
"Q13-yes","Beta for field_pop_copy",-0.0555534223569504,0.0669873941282222,-0.188302766417623,-0.0552548902308156,0.0754513063367146,-0.054008269099123
"Q16-cry","Range for field_pop",130.540031103405,23.8938153784253,92.1211768213593,127.693546131538,185.729239293642,120.874884859192
"Q16-cry","Stdev for field_pop",1.8244506923475,0.29327750261435,1.34347987988213,1.79251487246282,2.49350746208416,1.71310030780672
"Q16-cry","Precision for uni_eff",11.2863422129079,9.47131140958624,1.62885969218817,8.655014108728,36.2766609421798,4.49062158134068
"Q16-cry","Precision for gender_eff",46.6600767467263,39.6693126242217,6.95359851128133,35.5928125278673,151.478673439042,18.822274421867
"Q16-cry","Range for field_ans",142.672636586818,57.1533311340042,65.3806757948314,131.495176849533,286.14306203931,111.670918496421
"Q16-cry","Stdev for field_ans",1.10874734052425,0.24999016258548,0.70686993052117,1.07862521914215,1.68597076083569,1.01710214388726
"Q16-cry","Beta for field_pop_copy",0.0317999439453959,0.0791294142299129,-0.125277637625061,0.032242955104535,0.186283376267728,0.0340982514527914
"Q18-church","Range for field_pop",127.863144530654,23.0415683499027,89.9191829749935,125.38049959274,180.305842724284,119.801678496859
"Q18-church","Stdev for field_pop",1.81858317231152,0.287746439050456,1.33556682454112,1.79054108111864,2.46526343447877,1.7255827851053
"Q18-church","Precision for uni_eff",235.515078221968,772.248592530041,5.20490987068268,71.2734847115215,1499.53279822447,11.9275891499265
"Q18-church","Precision for gender_eff",25.6330781438063,30.0936282815008,2.46164673833431,16.5769869037047,104.028877135451,6.58651415534328
"Q18-church","Range for field_ans",577.758148475393,396.30186457819,174.463447298283,471.445190758547,1634.65232393984,328.589214847497
"Q18-church","Stdev for field_ans",1.73750048769914,0.831891563822592,0.730834351343775,1.54653455540646,3.90014396836544,1.22885840441135
"Q18-church","Beta for field_pop_copy",-0.273326399414728,0.0486417612533737,-0.369690051314892,-0.273119823326193,-0.178169520509971,-0.272257722557403
"Q23-known","Range for field_pop",126.250478033324,22.5518574189829,89.8589250651809,123.605726785788,178.224763082005,117.217834426285
"Q23-known","Stdev for field_pop",1.82748557232485,0.284638057427065,1.35883357176443,1.79709370561235,2.47515960594861,1.72073226526119
"Q23-known","Precision for uni_eff",87.1012757620562,128.308952822145,6.12527723433353,48.9750769493399,405.416896531971,15.978800622072
"Q23-known","Precision for gender_eff",15.7371494603587,11.5033447834061,2.33681310350059,12.7868804286525,45.0927054271879,6.81506203078574
"Q23-known","Range for field_ans",115.447699394088,30.1456933554498,70.2825184904991,110.837296625049,187.874309373537,101.004632456454
"Q23-known","Stdev for field_ans",2.13105866252219,0.401879940376875,1.48588623299342,2.08278954620176,3.06034737690094,1.96925451329689
"Q23-known","Beta for field_pop_copy",-0.0104221467938305,0.128127192734425,-0.263006542629523,-0.0103049788640787,0.241481568850443,-0.00981933127437025
"Q28-halloween","Range for field_pop",124.186259299659,22.0453609819399,88.5301908314205,121.625089596291,174.923147874897,115.454261348815
"Q28-halloween","Stdev for field_pop",1.8037962243061,0.278733751445008,1.34364420637685,1.77439986850207,2.43697863889838,1.70075758872917
"Q28-halloween","Precision for uni_eff",25.9340554297389,23.1275026836285,3.53904151828584,19.3519223333083,87.156578953117,9.66784007190489
"Q28-halloween","Precision for gender_eff",27283.3050431443,56236.4994771172,846.564446763072,11760.2580404507,150967.887927737,1987.78492691386
"Q28-halloween","Range for field_ans",50.2431437774109,14.8519143674589,28.3479655654918,47.855195574254,86.2077722339434,43.0911465284162
"Q28-halloween","Stdev for field_ans",0.809812457825118,0.117348862268936,0.604654447313293,0.801021661032016,1.06570395145059,0.782985317769726
"Q28-halloween","Beta for field_pop_copy",-0.161439555684622,0.0814691701794375,-0.323998835776569,-0.160701212322238,-0.00323029509064667,-0.157582528135519
